{"_id":"c26a7468-317c-4678-8c99-b27929233204_AppSrv03_43760493-f9f1-48fa-9ccd-53400840afe9_senderMQ_war.ear_json","_rev":"1-ec2a547cf43aaa0b1e73ccf1e2608e47","report":"inventory","version":"4.0","productVersion":"24.0.0.3","productRelease":"24.0.0.3","buildID":"v20241125_2333","options":["--includeHelpLocation","--maxUserDefinedRuleResults\u003d100","--userRuleLocation\u003d/root/dc/transformationadvisor-4.0.0/bin/../conf/userDefinedRules","--excludePackages\u003dch.qos,com.cloudant,com.cognos,com.fasterxml,com.filenet,com.ibatis,com.ibm,com.informix,com.lowagie,com.mchange,com.meterware,com.microsoft,com.mongodb,com.mysql,com.sun,com.sybase,filenet,freemarker,groovy,jakarta,java,javax,net,oracle,org,sqlj,sun,twitter4j,_ibmjsp"],"applications":["/opt/IBM/WebSphere/AppServer/profiles/AppSrv03/config/cells/ghettoes1Node04Cell/applications/senderMQ_war.ear/senderMQ_war.ear"],"sharedLibraries":[],"archives":{"ears":1,"wars":1,"rars":0,"ejbs":0,"webFragments":0,"utilityJars":3,"appClients":0},"summary":{"servlets":1,"jsps":0,"jpaEntities":0,"bmpEntityBeans":0,"cmpEntityBeans":0,"messageDrivenBeans":0,"singletonSessionBeans":0,"statefulSessionBeans":0,"statelessSessionBeans":0,"jaxrpcConsumers":0,"jaxrpcProviders":0,"jaxrsConsumers":0,"jaxrsProviders":0,"jaxwsConsumers":0,"jaxwsProviders":0,"springBeans":0},"archiveInventory":[{"archiveName":"/opt/IBM/WebSphere/AppServer/profiles/AppSrv03/config/cells/ghettoes1Node04Cell/applications/senderMQ_war.ear/senderMQ_war.ear","moduleType":"Enterprise archive","moduleVersion":"5","moduleSize":223904,"checksum":"a758ac21936d0f9781b2f660fb50fe37323c32374631c961c6d2edcf47d17bab","archives":{"wars":1,"rars":0,"ejbs":0,"utilityJars":3,"appClients":0},"summary":{"servlets":1,"jsps":0,"jpaEntities":0,"bmpEntityBeans":0,"cmpEntityBeans":0,"messageDrivenBeans":0,"singletonSessionBeans":0,"statefulSessionBeans":0,"statelessSessionBeans":0,"jaxrpcConsumers":0,"jaxrpcProviders":0,"jaxrsConsumers":0,"jaxrsProviders":0,"jaxwsConsumers":0,"jaxwsProviders":0,"springBeans":0},"potentialDeploymentProblemsSummary":{"archivesContainingDuplicateClasses":0,"archivesContainingJavaEEorSEClasses":2,"archivesContainingConflictingOpenSourceSoftwareClasses":1,"archivesContainingWebSphereClasses":0,"archivesNotReferencedInTheApplication":1,"archivesWithMissingDependenciesInTheApplication":0,"classesWithSystemLevelJVMConfiguration":0,"sharedLibrariesReferencingApplicationClasses":0},"potentialDeploymentProblemsDetails":[{"duplicateClassesWithinClassLoader":[]},{"duplicateClassesAcrossApplication":[]},{"javaEEandSEClasses":[{"conflictingPackages":["javax.jms"],"packageLocation":["senderMQ.war/WEB-INF/lib/javax.jms-api-2.0.1.jar"]},{"conflictingPackages":["javax.servlet","javax.servlet.annotation","javax.servlet.descriptor","javax.servlet.http"],"packageLocation":["senderMQ.war/WEB-INF/lib/javax.servlet-api-3.1.0.jar"]}]},{"duplicateWebSphereClasses":[]},{"openSourceSoftwareClasses":[{"conflictingPackages":["org.apache.commons.io","org.apache.commons.io.filefilter","org.apache.commons.io.input","org.apache.commons.io.output"],"packageLocation":["senderMQ.war/WEB-INF/lib/commons-io-1.3.2.jar"],"appliesTo":["V8.5.5","V9.0"]}]},{"archivesNotReferenced":[{"archive":"senderMQ.war/WEB-INF/lib/commons-io-1.3.2.jar","referencedBy":"","checksum":"bc3d64a0e27bd231f700e68d51fe3f4c35ca74685b89fbcffd7d5d63baa91f42"}]},{"missingDependencies":[]},{"classesWithSystemLevelJVMConfiguration":[]},{"sharedLibraryDependencies":[]}],"performanceConsiderations":{"archivesThatAreCandidatesForMetadataCompleteTrueAttribute":[],"webModulesWithExcessiveClassFiles":[],"webModulesWithExcessiveStaticResources":[]},"operationalConsiderations":{"deploymentTargets":{"clusters":[],"nonClusteredServers":[{"name":"server1","node":"ghettoes1Node04","type":"APPLICATION_SERVER"}]}},"containedArchiveInventory":[{"archiveName":"/opt/IBM/WebSphere/AppServer/profiles/AppSrv03/config/cells/ghettoes1Node04Cell/applications/senderMQ_war.ear/senderMQ_war.ear/senderMQ.war","moduleType":"Web module","metadataComplete":"Unspecified","checksum":"a758ac21936d0f9781b2f660fb50fe37323c32374631c961c6d2edcf47d17bab","archives":{"ejbs":0,"webFragments":0,"utilityJars":3},"summary":{"servlets":1,"jsps":0,"jpaEntities":0,"bmpEntityBeans":0,"cmpEntityBeans":0,"messageDrivenBeans":0,"singletonSessionBeans":0,"statefulSessionBeans":0,"statelessSessionBeans":0,"jaxrpcConsumers":0,"jaxrpcProviders":0,"jaxrsConsumers":0,"jaxrsProviders":0,"jaxwsConsumers":0,"jaxwsProviders":0,"springBeans":0},"containedArchiveInventory":[{"archiveName":"/opt/IBM/WebSphere/AppServer/profiles/AppSrv03/config/cells/ghettoes1Node04Cell/applications/senderMQ_war.ear/senderMQ_war.ear/senderMQ.war/WEB-INF/lib/commons-io-1.3.2.jar","moduleType":"Utility JAR","checksum":"bc3d64a0e27bd231f700e68d51fe3f4c35ca74685b89fbcffd7d5d63baa91f42","containedPackages":["org.apache.commons"]},{"archiveName":"/opt/IBM/WebSphere/AppServer/profiles/AppSrv03/config/cells/ghettoes1Node04Cell/applications/senderMQ_war.ear/senderMQ_war.ear/senderMQ.war/WEB-INF/lib/javax.jms-api-2.0.1.jar","moduleType":"Utility JAR","checksum":"9493455f9b8865619e1970977269d0507c71e339428666e5d24a243d117135ee","containedPackages":["javax.jms"]},{"archiveName":"/opt/IBM/WebSphere/AppServer/profiles/AppSrv03/config/cells/ghettoes1Node04Cell/applications/senderMQ_war.ear/senderMQ_war.ear/senderMQ.war/WEB-INF/lib/javax.servlet-api-3.1.0.jar","moduleType":"Utility JAR","checksum":"3d53fb4e52058f0531bab4c903a95a32065f8aa31657a7fbd88fa87269874cb0","containedPackages":["javax.servlet","javax.servlet.annotation","javax.servlet.descriptor","javax.servlet.http"]}]}]}],"sharedLibraryDetails":[],"name":"senderMQ_war.ear.inventory","type":"json","tenantId":"43760493-f9f1-48fa-9ccd-53400840afe9","taskname":"c26a7468-317c-4678-8c99-b27929233204","created":1732897192211,"profileName":"AppSrv03","applicationName":"senderMQ_war.ear","id":"c26a7468-317c-4678-8c99-b27929233204_AppSrv03_43760493-f9f1-48fa-9ccd-53400840afe9_senderMQ_war.ear_json"}