{"_id":"c26a7468-317c-4678-8c99-b27929233204_AppSrv03_43760493-f9f1-48fa-9ccd-53400840afe9_senderMQ_war.ear_json","_rev":"1-751d99f0e1cdc0704f08c350c3463f3c","report":"technology","version":"2.3","productVersion":"24.0.0.3","productRelease":"24.0.0.3","buildID":"v20241125_2333","options":["--baseEdition","--coreEdition","--includeHelpLocation","--liberty","--ndEdition","--traditional","--zosEdition","--excludePackages\u003dch.qos,com.cloudant,com.cognos,com.fasterxml,com.filenet,com.ibatis,com.ibm,com.informix,com.lowagie,com.mchange,com.meterware,com.microsoft,com.mongodb,com.mysql,com.sun,com.sybase,filenet,freemarker,groovy,jakarta,java,javax,net,oracle,org,sqlj,sun,twitter4j,_ibmjsp"],"applications":[{"application":"/opt/IBM/WebSphere/AppServer/profiles/AppSrv03/config/cells/ghettoes1Node04Cell/applications/senderMQ_war.ear/senderMQ_war.ear","summary":{"openLiberty":true,"libertyCore":true,"liberty":true,"websphereTraditional":true,"ndLiberty":true,"ndTraditional":true,"zosLiberty":true,"zosTraditional":true},"technologies":[{"technology":"Java Servlet","openLiberty":true,"libertyCore":true,"liberty":true,"websphereTraditional":true,"ndLiberty":true,"ndTraditional":true,"zosLiberty":true,"zosTraditional":true},{"technology":"Common Annotations for the Java Platform","openLiberty":true,"libertyCore":true,"liberty":true,"websphereTraditional":true,"ndLiberty":true,"ndTraditional":true,"zosLiberty":true,"zosTraditional":true},{"technology":"Java Message Service (JMS) API - Provided by application","openLiberty":true,"libertyCore":true,"liberty":true,"websphereTraditional":true,"ndLiberty":true,"ndTraditional":true,"zosLiberty":true,"zosTraditional":true}],"incompleteReportErrors":[],"footnotes":[]}],"overallSummary":{"openLiberty":true,"libertyCore":true,"liberty":true,"websphereTraditional":true,"ndLiberty":true,"ndTraditional":true,"zosLiberty":true,"zosTraditional":true},"name":"senderMQ_war.ear.eval","type":"json","tenantId":"43760493-f9f1-48fa-9ccd-53400840afe9","taskname":"c26a7468-317c-4678-8c99-b27929233204","created":1732897192211,"profileName":"AppSrv03","applicationName":"senderMQ_war.ear","id":"c26a7468-317c-4678-8c99-b27929233204_AppSrv03_43760493-f9f1-48fa-9ccd-53400840afe9_senderMQ_war.ear_json"}