<?xml version="1.0" encoding="UTF-8" standalone="no"?>
<!--Generated by IBM Migration Application Bundler 0.0.26.3
Fri Nov 29 16:22:17 UTC 2024--><server description="Configuration generated by binaryAppScanner">
    <featureManager>
        <!--Generated by IBM Migration Artifact Bundler 0.0.26.3 to support metric integration.-->
        <feature>mpMetrics-1.1</feature>
        <!--End features generated by IBM Migration Artifact Bundler-->
        <feature>servlet-3.1</feature>
        <feature>transportSecurity-1.0</feature>
    </featureManager>
    <!-- This configuration was migrated on 11/28/24 at 1:44:39 AM from the following location: /opt/IBM/WebSphere/AppServer/profiles/AppSrv03 -->
    <!-- The binary scanner does not support the migration of all WebSphere traditional configuration elements. Check the binary scanner documentation for the list of supported configuration elements. -->
    <applicationManager autoExpand="true"/>
    <httpEndpoint host="${httpEndpoint_host_11}" httpPort="${httpEndpoint_port_11}" httpsPort="${httpEndpoint_secure_port_11}" id="defaultHttpEndpoint"/>
    <webApplication contextRoot="/senderMQ" id="senderMQ_war.ear" location="senderMQ.war"/>
    <transaction propogatedOrBMTTranLifetimeTimeout="300"/>
    <jmsConnectionFactory id="server1CF_ghettoes1Node04_server1_" jndiName="jms/connectionFactory">
        <properties.mqJmsRa brokerCCSubQueue="SYSTEM.JMS.ND.CC.SUBSCRIBER.QUEUE" brokerControlQueue="SYSTEM.BROKER.CONTROL.QUEUE" brokerPubQueue="SYSTEM.BROKER.DEFAULT.STREAM" brokerSubQueue="SYSTEM.JMS.ND.SUBSCRIBER.QUEUE" channel="${server1CF_ghettoes1Node04_server1_cf_channel}" cleanupInterval="3600000" hostName="${server1CF_ghettoes1Node04_server1_cf_host}" port="${server1CF_ghettoes1Node04_server1_cf_port}" queueManager="${server1CF_ghettoes1Node04_server1_cf_queueManager}" subscriptionStore="MIGRATE" temporaryModel="SYSTEM.DEFAULT.MODEL.QUEUE"/>
    </jmsConnectionFactory>
    <jmsQueue id="sever1Queue_ghettoes1Node04_server1_MQQueue_1717780588605" jndiName="jms/queue">
        <properties.mqJmsRa baseQueueManagerName="UBQM" baseQueueName="${sever1Queue_ghettoes1Node04_server1_MQQueue_1717780588605_baseQueueName}"/>
    </jmsQueue>
    <!--<keyStore id="NodeDefaultKeyStore_ghettoes1Node04Cell_KeyStore_ghettoes1Node04_1" location="${NodeDefaultKeyStore_ghettoes1Node04Cell_KeyStore_ghettoes1Node04_1_location}" password="${NodeDefaultKeyStore_ghettoes1Node04Cell_KeyStore_ghettoes1Node04_1_password}"/>
-->
    <!--<keyStore id="NodeDefaultTrustStore_ghettoes1Node04Cell_KeyStore_ghettoes1Node04_2" location="${NodeDefaultTrustStore_ghettoes1Node04Cell_KeyStore_ghettoes1Node04_2_location}" password="${NodeDefaultTrustStore_ghettoes1Node04Cell_KeyStore_ghettoes1Node04_2_password}"/>
-->
    <!--<ssl id="NodeDefaultSSLSettings_ghettoes1Node04Cell_SSLConfig_ghettoes1Node04_1" keyStoreRef="NodeDefaultKeyStore_ghettoes1Node04Cell_KeyStore_ghettoes1Node04_1" sslProtocol="${NodeDefaultSSLSettings_ghettoes1Node04Cell_SSLConfig_ghettoes1Node04_1_sslProtocol}" trustStoreRef="NodeDefaultTrustStore_ghettoes1Node04Cell_KeyStore_ghettoes1Node04_2"/>
-->
    <!--<sslDefault sslRef="NodeDefaultSSLSettings_ghettoes1Node04Cell_SSLConfig_ghettoes1Node04_1"/>
-->
    <resourceAdapter id="mqJmsRa" location="${shared.config.dir}/lib/global/wmq.jmsra.rar">
        <classloader apiTypeVisibility="spec, ibm-api, api, third-party"/>
    </resourceAdapter>
    <!-- The following variables, which often differ between environments, have been extracted from the migrated configuration to allow for easy substitution. -->
    <variable defaultValue="*" name="httpEndpoint_host_11"/>
    <variable defaultValue="9080" name="httpEndpoint_port_11"/>
    <variable defaultValue="9443" name="httpEndpoint_secure_port_11"/>
    <!--<variable defaultValue="senderMQ_war_ear_ghettoes1Node04_NodeDefaultKeyStore_key.p12" name="NodeDefaultKeyStore_ghettoes1Node04Cell_KeyStore_ghettoes1Node04_1_location"/>
-->
    <variable defaultValue="TLS" name="NodeDefaultSSLSettings_ghettoes1Node04Cell_SSLConfig_ghettoes1Node04_1_sslProtocol"/>
    <!--<variable defaultValue="senderMQ_war_ear_ghettoes1Node04_NodeDefaultTrustStore_trust.p12" name="NodeDefaultTrustStore_ghettoes1Node04Cell_KeyStore_ghettoes1Node04_2_location"/>
-->
    <variable defaultValue="CLOUD.APP.SVRCONN" name="server1CF_ghettoes1Node04_server1_cf_channel"/>
    <variable defaultValue="9.46.110.162" name="server1CF_ghettoes1Node04_server1_cf_host"/>
    <variable defaultValue="2324" name="server1CF_ghettoes1Node04_server1_cf_port"/>
    <variable defaultValue="UBQM" name="server1CF_ghettoes1Node04_server1_cf_queueManager"/>
    <variable defaultValue="DEV.QUEUE.1" name="sever1Queue_ghettoes1Node04_server1_MQQueue_1717780588605_baseQueueName"/>
    <!-- The following variables are used to replace sensitive data in the server.xml file for the application.
         The values for these variables were not collected because the includeSensitiveData option was not specified.
    -->
    <!--<variable defaultValue="" name="NodeDefaultKeyStore_ghettoes1Node04Cell_KeyStore_ghettoes1Node04_1_password"/>
-->
    <!--<variable defaultValue="" name="NodeDefaultTrustStore_ghettoes1Node04Cell_KeyStore_ghettoes1Node04_2_password"/>
-->
</server>
